1,Toy Story (1995),"['Adventure', 'Animation', 'Children', 'Comedy', 'Fantasy']"
2,Jumanji (1995),"['Adventure', 'Children', 'Fantasy']"
3,Grumpier Old Men (1995),"['Comedy', 'Romance']"
4,Father of the Bride Part II (1995),['Comedy']
5,Heat (1995),"['Action', 'Crime', 'Thriller']"
6,Sabrina (1995),"['Comedy', 'Romance']"
7,GoldenEye (1995),"['Action', 'Adventure', 'Thriller']"
8,"American President, The (1995)","['Comedy', 'Drama', 'Romance']"
9,Casino (1995),"['Crime', 'Drama']"
10,Sense and Sensibility (1995),"['Drama', 'Romance']"
11,Ace Ventura: When Nature Calls (1995),['Comedy']
12,Get Shorty (1995),"['Comedy', 'Crime', 'Thriller']"
13,Copycat (1995),"['Crime', 'Drama', 'Horror', 'Mystery', 'Thriller']"
14,Powder (1995),"['Drama', 'Sci-Fi']"
15,Leaving Las Vegas (1995),"['Drama', 'Romance']"
16,"City of Lost Children, The (Cité des enfants perdus, La) (1995)","['Adventure', 'Drama', 'Fantasy', 'Mystery', 'Sci-Fi']"
17,Dangerous Minds (1995),['Drama']
18,Twelve Monkeys (a.k.a. 12 Monkeys) (1995),"['Mystery', 'Sci-Fi', 'Thriller']"
19,Babe (1995),"['Children', 'Drama']"
20,Dead Man Walking (1995),"['Crime', 'Drama']"
21,Clueless (1995),"['Comedy', 'Romance']"
22,Mortal Kombat (1995),"['Action', 'Adventure', 'Fantasy']"
23,To Die For (1995),"['Comedy', 'Drama', 'Thriller']"
24,Seven (a.k.a. Se7en) (1995),"['Mystery', 'Thriller']"
25,Pocahontas (1995),"['Animation', 'Children', 'Drama', 'Musical', 'Romance']"
26,"Usual Suspects, The (1995)","['Crime', 'Mystery', 'Thriller']"
27,Mighty Aphrodite (1995),"['Comedy', 'Drama', 'Romance']"
28,"Postman, The (Postino, Il) (1994)","['Comedy', 'Drama', 'Romance']"
29,Mr. Holland's Opus (1995),['Drama']
30,Bio-Dome (1996),['Comedy']
31,From Dusk Till Dawn (1996),"['Action', 'Comedy', 'Horror', 'Thriller']"
32,Black Sheep (1996),['Comedy']
33,Broken Arrow (1996),"['Action', 'Adventure', 'Thriller']"
34,Happy Gilmore (1996),['Comedy']
35,"Bridges of Madison County, The (1995)","['Drama', 'Romance']"
36,Muppet Treasure Island (1996),"['Adventure', 'Children', 'Comedy', 'Musical']"
37,Braveheart (1995),"['Action', 'Drama', 'War']"
38,Taxi Driver (1976),"['Crime', 'Drama', 'Thriller']"
39,Rumble in the Bronx (Hont faan kui) (1995),"['Action', 'Adventure', 'Comedy', 'Crime']"
40,Down Periscope (1996),['Comedy']
41,"Birdcage, The (1996)",['Comedy']
42,Bad Boys (1995),"['Action', 'Comedy', 'Crime', 'Drama', 'Thriller']"
43,Apollo 13 (1995),"['Adventure', 'Drama', 'IMAX']"
44,Rob Roy (1995),"['Action', 'Drama', 'Romance', 'War']"
45,Batman Forever (1995),"['Action', 'Adventure', 'Comedy', 'Crime']"
46,Casper (1995),"['Adventure', 'Children']"
47,Congo (1995),"['Action', 'Adventure', 'Mystery', 'Sci-Fi']"
48,Crimson Tide (1995),"['Drama', 'Thriller', 'War']"
49,Desperado (1995),"['Action', 'Romance', 'Western']"
50,Die Hard: With a Vengeance (1995),"['Action', 'Crime', 'Thriller']"
51,First Knight (1995),"['Action', 'Drama', 'Romance']"
52,Hackers (1995),"['Action', 'Adventure', 'Crime', 'Thriller']"
53,Johnny Mnemonic (1995),"['Action', 'Sci-Fi', 'Thriller']"
54,Judge Dredd (1995),"['Action', 'Crime', 'Sci-Fi']"
55,Kids (1995),['Drama']
56,Mallrats (1995),"['Comedy', 'Romance']"
57,"Net, The (1995)","['Action', 'Crime', 'Thriller']"
58,Nine Months (1995),"['Comedy', 'Romance']"
59,Showgirls (1995),['Drama']
60,Smoke (1995),"['Comedy', 'Drama']"
61,Species (1995),"['Horror', 'Sci-Fi']"
62,Strange Days (1995),"['Action', 'Crime', 'Drama', 'Mystery', 'Sci-Fi', 'Thriller']"
63,Under Siege 2: Dark Territory (1995),['Action']
64,Waterworld (1995),"['Action', 'Adventure', 'Sci-Fi']"
65,Billy Madison (1995),['Comedy']
66,Clerks (1994),['Comedy']
67,Don Juan DeMarco (1995),"['Comedy', 'Drama', 'Romance']"
68,Disclosure (1994),"['Drama', 'Thriller']"
69,Dolores Claiborne (1995),"['Drama', 'Thriller']"
70,Dumb & Dumber (Dumb and Dumber) (1994),"['Adventure', 'Comedy']"
71,Eat Drink Man Woman (Yin shi nan nu) (1994),"['Comedy', 'Drama', 'Romance']"
72,Ed Wood (1994),"['Comedy', 'Drama']"
73,French Kiss (1995),"['Action', 'Comedy', 'Romance']"
74,Hoop Dreams (1994),['Documentary']
75,Heavenly Creatures (1994),"['Crime', 'Drama']"
76,I.Q. (1994),"['Comedy', 'Romance']"
77,Interview with the Vampire: The Vampire Chronicles (1994),"['Drama', 'Horror']"
78,Junior (1994),"['Comedy', 'Sci-Fi']"
79,Star Wars: Episode IV - A New Hope (1977),"['Action', 'Adventure', 'Sci-Fi']"
80,Little Women (1994),['Drama']
81,Like Water for Chocolate (Como agua para chocolate) (1992),"['Drama', 'Fantasy', 'Romance']"
82,Legends of the Fall (1994),"['Drama', 'Romance', 'War', 'Western']"
83,"Madness of King George, The (1994)","['Comedy', 'Drama']"
84,Mary Shelley's Frankenstein (Frankenstein) (1994),"['Drama', 'Horror', 'Sci-Fi']"
85,Miracle on 34th Street (1994),['Drama']
86,Nell (1994),['Drama']
87,Natural Born Killers (1994),"['Action', 'Crime', 'Thriller']"
88,Outbreak (1995),"['Action', 'Drama', 'Sci-Fi', 'Thriller']"
89,Léon: The Professional (a.k.a. The Professional) (Léon) (1994),"['Action', 'Crime', 'Drama', 'Thriller']"
90,Pulp Fiction (1994),"['Comedy', 'Crime', 'Drama', 'Thriller']"
91,Quiz Show (1994),['Drama']
92,"Quick and the Dead, The (1995)","['Action', 'Thriller', 'Western']"
93,Three Colors: Red (Trois couleurs: Rouge) (1994),['Drama']
94,Three Colors: Blue (Trois couleurs: Bleu) (1993),['Drama']
95,Three Colors: White (Trzy kolory: Bialy) (1994),"['Comedy', 'Drama']"
96,"Specialist, The (1994)","['Action', 'Drama', 'Thriller']"
97,Stargate (1994),"['Action', 'Adventure', 'Sci-Fi']"
98,"Santa Clause, The (1994)","['Comedy', 'Drama', 'Fantasy']"
99,"Shawshank Redemption, The (1994)","['Crime', 'Drama']"
100,Shallow Grave (1994),"['Comedy', 'Drama', 'Thriller']"
101,Tank Girl (1995),"['Action', 'Comedy', 'Sci-Fi']"
102,Star Trek: Generations (1994),"['Adventure', 'Drama', 'Sci-Fi']"
103,Tommy Boy (1995),['Comedy']
104,What's Eating Gilbert Grape (1993),['Drama']
105,While You Were Sleeping (1995),"['Comedy', 'Romance']"
106,Muriel's Wedding (1994),['Comedy']
107,Ace Ventura: Pet Detective (1994),['Comedy']
108,"Adventures of Priscilla, Queen of the Desert, The (1994)","['Comedy', 'Drama']"
109,Bullets Over Broadway (1994),['Comedy']
110,Clear and Present Danger (1994),"['Action', 'Crime', 'Drama', 'Thriller']"
111,"Client, The (1994)","['Drama', 'Mystery', 'Thriller']"
112,"Crow, The (1994)","['Action', 'Crime', 'Fantasy', 'Thriller']"
113,"Flintstones, The (1994)","['Children', 'Comedy', 'Fantasy']"
114,Forrest Gump (1994),"['Comedy', 'Drama', 'Romance', 'War']"
115,Four Weddings and a Funeral (1994),"['Comedy', 'Romance']"
116,It Could Happen to You (1994),"['Comedy', 'Drama', 'Romance']"
117,"Lion King, The (1994)","['Adventure', 'Animation', 'Children', 'Drama', 'Musical', 'IMAX']"
118,"Mask, The (1994)","['Action', 'Comedy', 'Crime', 'Fantasy']"
119,Maverick (1994),"['Adventure', 'Comedy', 'Western']"
120,Naked Gun 33 1/3: The Final Insult (1994),"['Action', 'Comedy']"
121,Reality Bites (1994),"['Comedy', 'Drama', 'Romance']"
122,"River Wild, The (1994)","['Action', 'Thriller']"
123,Speed (1994),"['Action', 'Romance', 'Thriller']"
124,Timecop (1994),"['Action', 'Sci-Fi', 'Thriller']"
125,True Lies (1994),"['Action', 'Adventure', 'Comedy', 'Romance', 'Thriller']"
126,Wyatt Earp (1994),['Western']
127,Addams Family Values (1993),"['Children', 'Comedy', 'Fantasy']"
128,"Age of Innocence, The (1993)",['Drama']
129,Airheads (1994),['Comedy']
130,"Beverly Hillbillies, The (1993)",['Comedy']
131,Beverly Hills Cop III (1994),"['Action', 'Comedy', 'Crime', 'Thriller']"
132,Carlito's Way (1993),"['Crime', 'Drama']"
133,City Slickers II: The Legend of Curly's Gold (1994),"['Adventure', 'Comedy', 'Western']"
134,Cliffhanger (1993),"['Action', 'Adventure', 'Thriller']"
135,Coneheads (1993),"['Comedy', 'Sci-Fi']"
136,Dave (1993),"['Comedy', 'Romance']"
137,Dazed and Confused (1993),['Comedy']
138,Demolition Man (1993),"['Action', 'Adventure', 'Sci-Fi']"
139,"Firm, The (1993)","['Drama', 'Thriller']"
140,Free Willy (1993),"['Adventure', 'Children', 'Drama']"
141,"Fugitive, The (1993)",['Thriller']
142,Hot Shots! Part Deux (1993),"['Action', 'Comedy', 'War']"
143,"Englishman Who Went Up a Hill But Came Down a Mountain, The (1995)","['Comedy', 'Romance']"
144,"Hudsucker Proxy, The (1994)",['Comedy']
145,In the Line of Fire (1993),"['Action', 'Thriller']"
146,In the Name of the Father (1993),['Drama']
147,Jurassic Park (1993),"['Action', 'Adventure', 'Sci-Fi', 'Thriller']"
148,Last Action Hero (1993),"['Action', 'Adventure', 'Comedy', 'Fantasy']"
149,Executive Decision (1996),"['Action', 'Adventure', 'Thriller']"
150,Much Ado About Nothing (1993),"['Comedy', 'Romance']"
151,Mrs. Doubtfire (1993),"['Comedy', 'Drama']"
152,Philadelphia (1993),['Drama']
153,"Piano, The (1993)","['Drama', 'Romance']"
154,"Remains of the Day, The (1993)","['Drama', 'Romance']"
155,Robin Hood: Men in Tights (1993),['Comedy']
156,Rudy (1993),['Drama']
157,Schindler's List (1993),"['Drama', 'War']"
158,Searching for Bobby Fischer (1993),['Drama']
159,"Secret Garden, The (1993)","['Children', 'Drama']"
160,Sleepless in Seattle (1993),"['Comedy', 'Drama', 'Romance']"
161,Blade Runner (1982),"['Action', 'Sci-Fi', 'Thriller']"
162,So I Married an Axe Murderer (1993),"['Comedy', 'Romance', 'Thriller']"
163,Super Mario Bros. (1993),"['Action', 'Adventure', 'Children', 'Comedy', 'Fantasy', 'Sci-Fi']"
164,"Nightmare Before Christmas, The (1993)","['Animation', 'Children', 'Fantasy', 'Musical']"
165,"Three Musketeers, The (1993)","['Action', 'Adventure', 'Comedy', 'Romance']"
166,Tombstone (1993),"['Action', 'Drama', 'Western']"
167,True Romance (1993),"['Crime', 'Thriller']"
168,Welcome to the Dollhouse (1995),"['Comedy', 'Drama']"
169,"Brady Bunch Movie, The (1995)",['Comedy']
170,Home Alone (1990),"['Children', 'Comedy']"
171,Ghost (1990),"['Comedy', 'Drama', 'Fantasy', 'Romance', 'Thriller']"
172,Aladdin (1992),"['Adventure', 'Animation', 'Children', 'Comedy', 'Musical']"
173,Terminator 2: Judgment Day (1991),"['Action', 'Sci-Fi']"
174,Dances with Wolves (1990),"['Adventure', 'Drama', 'Western']"
175,Batman (1989),"['Action', 'Crime', 'Thriller']"
176,"Silence of the Lambs, The (1991)","['Crime', 'Horror', 'Thriller']"
177,Snow White and the Seven Dwarfs (1937),"['Animation', 'Children', 'Drama', 'Fantasy', 'Musical']"
178,Beauty and the Beast (1991),"['Animation', 'Children', 'Fantasy', 'Musical', 'Romance', 'IMAX']"
179,Pinocchio (1940),"['Animation', 'Children', 'Fantasy', 'Musical']"
180,Pretty Woman (1990),"['Comedy', 'Romance']"
181,Fargo (1996),"['Comedy', 'Crime', 'Drama', 'Thriller']"
182,Heavy Metal (1981),"['Action', 'Adventure', 'Animation', 'Horror', 'Sci-Fi']"
183,"Aristocats, The (1970)","['Animation', 'Children']"
184,Primal Fear (1996),"['Crime', 'Drama', 'Mystery', 'Thriller']"
185,Courage Under Fire (1996),"['Action', 'Crime', 'Drama', 'War']"
186,Mission: Impossible (1996),"['Action', 'Adventure', 'Mystery', 'Thriller']"
187,Dragonheart (1996),"['Action', 'Adventure', 'Fantasy']"
188,James and the Giant Peach (1996),"['Adventure', 'Animation', 'Children', 'Fantasy', 'Musical']"
189,Mystery Science Theater 3000: The Movie (1996),"['Comedy', 'Sci-Fi']"
190,Space Jam (1996),"['Adventure', 'Animation', 'Children', 'Comedy', 'Fantasy', 'Sci-Fi']"
191,"Truth About Cats & Dogs, The (1996)","['Comedy', 'Romance']"
192,Multiplicity (1996),['Comedy']
193,Wallace & Gromit: The Best of Aardman Animation (1996),"['Adventure', 'Animation', 'Comedy']"
194,"Craft, The (1996)","['Drama', 'Fantasy', 'Horror', 'Thriller']"
195,"Rock, The (1996)","['Action', 'Adventure', 'Thriller']"
196,Twister (1996),"['Action', 'Adventure', 'Romance', 'Thriller']"
197,Ghost in the Shell (Kôkaku kidôtai) (1995),"['Animation', 'Sci-Fi']"
198,Spy Hard (1996),['Comedy']
199,Wallace & Gromit: A Close Shave (1995),"['Animation', 'Children', 'Comedy']"
200,Dr. Strangelove or: How I Learned to Stop Worrying and Love the Bomb (1964),"['Comedy', 'War']"
201,Striptease (1996),"['Comedy', 'Crime']"
202,Trainspotting (1996),"['Comedy', 'Crime', 'Drama']"
203,Independence Day (a.k.a. ID4) (1996),"['Action', 'Adventure', 'Sci-Fi', 'Thriller']"
204,"Hunchback of Notre Dame, The (1996)","['Animation', 'Children', 'Drama', 'Musical', 'Romance']"
205,"Cable Guy, The (1996)","['Comedy', 'Thriller']"
206,Kingpin (1996),['Comedy']
207,Eraser (1996),"['Action', 'Drama', 'Thriller']"
208,"Nutty Professor, The (1996)","['Comedy', 'Fantasy', 'Romance', 'Sci-Fi']"
209,"Frighteners, The (1996)","['Comedy', 'Horror', 'Thriller']"
210,Lone Star (1996),"['Drama', 'Mystery', 'Western']"
211,Phenomenon (1996),"['Drama', 'Romance']"
212,"Time to Kill, A (1996)","['Drama', 'Thriller']"
213,Ransom (1996),"['Crime', 'Thriller']"
214,Matilda (1996),"['Children', 'Comedy', 'Fantasy']"
215,Emma (1996),"['Comedy', 'Drama', 'Romance']"
216,Escape from L.A. (1996),"['Action', 'Adventure', 'Sci-Fi', 'Thriller']"
217,Tin Cup (1996),"['Comedy', 'Drama', 'Romance']"
218,"Godfather, The (1972)","['Crime', 'Drama']"
219,Bound (1996),"['Crime', 'Drama', 'Romance', 'Thriller']"
220,"Island of Dr. Moreau, The (1996)","['Sci-Fi', 'Thriller']"
221,"Philadelphia Story, The (1940)","['Comedy', 'Drama', 'Romance']"
222,Singin' in the Rain (1952),"['Comedy', 'Musical', 'Romance']"
223,Breakfast at Tiffany's (1961),"['Drama', 'Romance']"
224,Vertigo (1958),"['Drama', 'Mystery', 'Romance', 'Thriller']"
225,Rear Window (1954),"['Mystery', 'Thriller']"
226,North by Northwest (1959),"['Action', 'Adventure', 'Mystery', 'Romance', 'Thriller']"
227,"Apartment, The (1960)","['Comedy', 'Drama', 'Romance']"
228,Some Like It Hot (1959),"['Comedy', 'Crime']"
229,Casablanca (1942),"['Drama', 'Romance']"
230,"Maltese Falcon, The (1941)","['Film-Noir', 'Mystery']"
231,My Fair Lady (1964),"['Comedy', 'Drama', 'Musical', 'Romance']"
232,Roman Holiday (1953),"['Comedy', 'Drama', 'Romance']"
233,"Wizard of Oz, The (1939)","['Adventure', 'Children', 'Fantasy', 'Musical']"
234,Gone with the Wind (1939),"['Drama', 'Romance', 'War']"
235,Sunset Blvd. (a.k.a. Sunset Boulevard) (1950),"['Drama', 'Film-Noir', 'Romance']"
236,Citizen Kane (1941),"['Drama', 'Mystery']"
237,2001: A Space Odyssey (1968),"['Adventure', 'Drama', 'Sci-Fi']"
238,All About Eve (1950),['Drama']
239,To Catch a Thief (1955),"['Crime', 'Mystery', 'Romance', 'Thriller']"
240,It's a Wonderful Life (1946),"['Drama', 'Fantasy', 'Romance']"
241,Mr. Smith Goes to Washington (1939),['Drama']
242,Night of the Living Dead (1968),"['Horror', 'Sci-Fi', 'Thriller']"
243,"African Queen, The (1951)","['Adventure', 'Comedy', 'Romance', 'War']"
244,Last Man Standing (1996),"['Action', 'Crime', 'Drama', 'Thriller']"
245,Cool Runnings (1993),['Comedy']
246,Cinderella (1950),"['Animation', 'Children', 'Fantasy', 'Musical', 'Romance']"
247,Robin Hood: Prince of Thieves (1991),"['Adventure', 'Drama']"
248,Mary Poppins (1964),"['Children', 'Comedy', 'Fantasy', 'Musical']"
249,Dumbo (1941),"['Animation', 'Children', 'Drama', 'Musical']"
250,Alice in Wonderland (1951),"['Adventure', 'Animation', 'Children', 'Fantasy', 'Musical']"
251,"Sound of Music, The (1965)","['Musical', 'Romance']"
252,Die Hard (1988),"['Action', 'Crime', 'Thriller']"
253,"Lawnmower Man, The (1992)","['Action', 'Horror', 'Sci-Fi', 'Thriller']"
254,Secrets & Lies (1996),['Drama']
255,That Thing You Do! (1996),"['Comedy', 'Drama']"
256,"Long Kiss Goodnight, The (1996)","['Action', 'Drama', 'Thriller']"
257,"Ghost and the Darkness, The (1996)","['Action', 'Adventure']"
258,William Shakespeare's Romeo + Juliet (1996),"['Drama', 'Romance']"
259,Swingers (1996),"['Comedy', 'Drama']"
260,Sleepers (1996),['Thriller']
261,Willy Wonka & the Chocolate Factory (1971),"['Children', 'Comedy', 'Fantasy', 'Musical']"
262,Sleeper (1973),"['Comedy', 'Sci-Fi']"
263,"Fish Called Wanda, A (1988)","['Comedy', 'Crime']"
264,Monty Python's Life of Brian (1979),['Comedy']
265,Bonnie and Clyde (1967),"['Crime', 'Drama']"
266,Dial M for Murder (1954),"['Crime', 'Mystery', 'Thriller']"
267,Dirty Dancing (1987),"['Drama', 'Musical', 'Romance']"
268,Reservoir Dogs (1992),"['Crime', 'Mystery', 'Thriller']"
269,Platoon (1986),"['Drama', 'War']"
270,Basic Instinct (1992),"['Crime', 'Mystery', 'Thriller']"
271,"Doors, The (1991)",['Drama']
272,"Crying Game, The (1992)","['Drama', 'Romance', 'Thriller']"
273,Glengarry Glen Ross (1992),['Drama']
274,E.T. the Extra-Terrestrial (1982),"['Children', 'Drama', 'Sci-Fi']"
275,Days of Thunder (1990),"['Action', 'Drama', 'Romance']"
276,Top Gun (1986),"['Action', 'Romance']"
277,Rebel Without a Cause (1955),['Drama']
278,"Streetcar Named Desire, A (1951)",['Drama']
279,"People vs. Larry Flynt, The (1996)","['Comedy', 'Drama']"
280,"Return of the Pink Panther, The (1975)","['Comedy', 'Crime']"
281,"Abyss, The (1989)","['Action', 'Adventure', 'Sci-Fi', 'Thriller']"
282,Escape from New York (1981),"['Action', 'Adventure', 'Sci-Fi', 'Thriller']"
283,Monty Python and the Holy Grail (1975),"['Adventure', 'Comedy', 'Fantasy']"
284,Wallace & Gromit: The Wrong Trousers (1993),"['Animation', 'Children', 'Comedy', 'Crime']"
285,Cinema Paradiso (Nuovo cinema Paradiso) (1989),['Drama']
286,Delicatessen (1991),"['Comedy', 'Drama', 'Romance']"
287,"Grifters, The (1990)","['Crime', 'Drama', 'Film-Noir']"
288,"English Patient, The (1996)","['Drama', 'Romance', 'War']"
289,"Sex, Lies, and Videotape (1989)",['Drama']
290,Strictly Ballroom (1992),"['Comedy', 'Romance']"
291,One Flew Over the Cuckoo's Nest (1975),['Drama']
292,Star Wars: Episode V - The Empire Strikes Back (1980),"['Action', 'Adventure', 'Sci-Fi']"
293,"Princess Bride, The (1987)","['Action', 'Adventure', 'Comedy', 'Fantasy', 'Romance']"
294,Raiders of the Lost Ark (Indiana Jones and the Raiders of the Lost Ark) (1981),"['Action', 'Adventure']"
295,Brazil (1985),"['Fantasy', 'Sci-Fi']"
296,Aliens (1986),"['Action', 'Adventure', 'Horror', 'Sci-Fi']"
297,"Good, the Bad and the Ugly, The (Buono, il brutto, il cattivo, Il) (1966)","['Action', 'Adventure', 'Western']"
298,12 Angry Men (1957),['Drama']
299,Lawrence of Arabia (1962),"['Adventure', 'Drama', 'War']"
300,"Clockwork Orange, A (1971)","['Crime', 'Drama', 'Sci-Fi', 'Thriller']"
301,To Kill a Mockingbird (1962),['Drama']
302,Apocalypse Now (1979),"['Action', 'Drama', 'War']"
303,Star Wars: Episode VI - Return of the Jedi (1983),"['Action', 'Adventure', 'Sci-Fi']"
304,"Third Man, The (1949)","['Film-Noir', 'Mystery', 'Thriller']"
305,Goodfellas (1990),"['Crime', 'Drama']"
306,Alien (1979),"['Horror', 'Sci-Fi']"
307,Army of Darkness (1993),"['Action', 'Adventure', 'Comedy', 'Fantasy', 'Horror']"
308,Ran (1985),"['Drama', 'War']"
309,Psycho (1960),"['Crime', 'Horror']"
310,"Blues Brothers, The (1980)","['Action', 'Comedy', 'Musical']"
311,"Godfather: Part II, The (1974)","['Crime', 'Drama']"
312,Full Metal Jacket (1987),"['Drama', 'War']"
313,"Grand Day Out with Wallace and Gromit, A (1989)","['Adventure', 'Animation', 'Children', 'Comedy', 'Sci-Fi']"
314,Amadeus (1984),['Drama']
315,Raging Bull (1980),['Drama']
316,Annie Hall (1977),"['Comedy', 'Romance']"
317,"Right Stuff, The (1983)",['Drama']
318,"Boot, Das (Boat, The) (1981)","['Action', 'Drama', 'War']"
319,"Sting, The (1973)","['Comedy', 'Crime']"
320,Harold and Maude (1971),"['Comedy', 'Drama', 'Romance']"
321,"Seventh Seal, The (Sjunde inseglet, Det) (1957)",['Drama']
322,"Terminator, The (1984)","['Action', 'Sci-Fi', 'Thriller']"
323,Glory (1989),"['Drama', 'War']"
324,Manhattan (1979),"['Comedy', 'Drama', 'Romance']"
325,Miller's Crossing (1990),"['Crime', 'Drama', 'Film-Noir', 'Thriller']"
326,Dead Poets Society (1989),['Drama']
327,"Graduate, The (1967)","['Comedy', 'Drama', 'Romance']"
328,"Femme Nikita, La (Nikita) (1990)","['Action', 'Crime', 'Romance', 'Thriller']"
329,"Bridge on the River Kwai, The (1957)","['Adventure', 'Drama', 'War']"
330,Chinatown (1974),"['Crime', 'Film-Noir', 'Mystery', 'Thriller']"
331,"Day the Earth Stood Still, The (1951)","['Drama', 'Sci-Fi', 'Thriller']"
332,Duck Soup (1933),"['Comedy', 'Musical', 'War']"
333,"Shining, The (1980)",['Horror']
334,Stand by Me (1986),"['Adventure', 'Drama']"
335,Evil Dead II (Dead by Dawn) (1987),"['Action', 'Comedy', 'Fantasy', 'Horror']"
336,"Great Escape, The (1963)","['Action', 'Adventure', 'Drama', 'War']"
337,"Deer Hunter, The (1978)","['Drama', 'War']"
338,Groundhog Day (1993),"['Comedy', 'Fantasy', 'Romance']"
339,Unforgiven (1992),"['Drama', 'Western']"
340,"Manchurian Candidate, The (1962)","['Crime', 'Thriller', 'War']"
341,Arsenic and Old Lace (1944),"['Comedy', 'Mystery', 'Thriller']"
342,Back to the Future (1985),"['Adventure', 'Comedy', 'Sci-Fi']"
343,Fried Green Tomatoes (1991),"['Comedy', 'Crime', 'Drama']"
344,Patton (1970),"['Drama', 'War']"
345,Akira (1988),"['Action', 'Adventure', 'Animation', 'Sci-Fi']"
346,Highlander (1986),"['Action', 'Adventure', 'Fantasy']"
347,Cool Hand Luke (1967),['Drama']
348,Young Frankenstein (1974),"['Comedy', 'Fantasy']"
349,Fantasia (1940),"['Animation', 'Children', 'Fantasy', 'Musical']"
350,High Noon (1952),"['Drama', 'Western']"
351,"Big Sleep, The (1946)","['Crime', 'Film-Noir', 'Mystery']"
352,Heathers (1989),['Comedy']
353,Ben-Hur (1959),"['Action', 'Adventure', 'Drama']"
354,This Is Spinal Tap (1984),['Comedy']
355,Indiana Jones and the Last Crusade (1989),"['Action', 'Adventure']"
356,Gandhi (1982),['Drama']
357,"Room with a View, A (1986)","['Drama', 'Romance']"
358,Pink Floyd: The Wall (1982),"['Drama', 'Musical']"
359,"Killing Fields, The (1984)","['Drama', 'War']"
360,Field of Dreams (1989),"['Children', 'Drama', 'Fantasy']"
361,Butch Cassidy and the Sundance Kid (1969),"['Action', 'Western']"
362,When Harry Met Sally... (1989),"['Comedy', 'Romance']"
363,Alien³ (a.k.a. Alien 3) (1992),"['Action', 'Horror', 'Sci-Fi', 'Thriller']"
364,"American Werewolf in London, An (1981)","['Comedy', 'Horror', 'Thriller']"
365,"Birds, The (1963)","['Horror', 'Thriller']"
366,Dracula (Bram Stoker's Dracula) (1992),"['Fantasy', 'Horror', 'Romance', 'Thriller']"
367,Cape Fear (1991),['Thriller']
368,Carrie (1976),"['Drama', 'Fantasy', 'Horror', 'Thriller']"
369,"Nightmare on Elm Street, A (1984)","['Horror', 'Thriller']"
370,Star Trek: First Contact (1996),"['Action', 'Adventure', 'Sci-Fi', 'Thriller']"
371,Shine (1996),"['Drama', 'Romance']"
372,Sling Blade (1996),['Drama']
373,101 Dalmatians (1996),"['Adventure', 'Children', 'Comedy']"
374,Die Hard 2 (1990),"['Action', 'Adventure', 'Thriller']"
375,Star Trek: The Motion Picture (1979),"['Adventure', 'Sci-Fi']"
376,Star Trek VI: The Undiscovered Country (1991),"['Action', 'Mystery', 'Sci-Fi']"
377,Star Trek V: The Final Frontier (1989),"['Action', 'Sci-Fi']"
378,Star Trek II: The Wrath of Khan (1982),"['Action', 'Adventure', 'Sci-Fi', 'Thriller']"
379,Star Trek III: The Search for Spock (1984),"['Action', 'Adventure', 'Sci-Fi']"
380,Star Trek IV: The Voyage Home (1986),"['Adventure', 'Comedy', 'Sci-Fi']"
381,Batman Returns (1992),"['Action', 'Crime']"
382,Young Guns (1988),"['Action', 'Comedy', 'Western']"
383,Grease (1978),"['Comedy', 'Musical', 'Romance']"
384,Under Siege (1992),"['Action', 'Drama', 'Thriller']"
385,Jaws (1975),"['Action', 'Horror']"
386,Mars Attacks! (1996),"['Action', 'Comedy', 'Sci-Fi']"
387,Jerry Maguire (1996),"['Drama', 'Romance']"
388,Raising Arizona (1987),['Comedy']
389,Sneakers (1992),"['Action', 'Comedy', 'Crime', 'Drama', 'Sci-Fi']"
390,Beavis and Butt-Head Do America (1996),"['Adventure', 'Animation', 'Comedy', 'Crime']"
391,Scream (1996),"['Comedy', 'Horror', 'Mystery', 'Thriller']"
392,"Last of the Mohicans, The (1992)","['Action', 'Romance', 'War', 'Western']"
393,Michael (1996),"['Comedy', 'Drama', 'Fantasy', 'Romance']"
394,Hamlet (1996),"['Crime', 'Drama', 'Romance']"
395,Evita (1996),"['Drama', 'Musical']"
396,Dante's Peak (1997),"['Action', 'Thriller']"
397,Donnie Brasco (1997),"['Crime', 'Drama']"
398,Private Parts (1997),"['Comedy', 'Drama']"
399,"Saint, The (1997)","['Action', 'Romance', 'Sci-Fi', 'Thriller']"
400,Liar Liar (1997),['Comedy']
401,Anaconda (1997),"['Action', 'Adventure', 'Thriller']"
402,Grosse Pointe Blank (1997),"['Comedy', 'Crime', 'Romance']"
403,Romy and Michele's High School Reunion (1997),['Comedy']
404,Austin Powers: International Man of Mystery (1997),"['Action', 'Adventure', 'Comedy']"
405,"Fifth Element, The (1997)","['Action', 'Adventure', 'Comedy', 'Sci-Fi']"
406,"Lost World: Jurassic Park, The (1997)","['Action', 'Adventure', 'Sci-Fi', 'Thriller']"
407,Con Air (1997),"['Action', 'Adventure', 'Thriller']"
408,Speed 2: Cruise Control (1997),"['Action', 'Romance', 'Thriller']"
409,Batman & Robin (1997),"['Action', 'Adventure', 'Fantasy', 'Thriller']"
410,My Best Friend's Wedding (1997),"['Comedy', 'Romance']"
411,Face/Off (1997),"['Action', 'Crime', 'Drama', 'Thriller']"
412,Men in Black (a.k.a. MIB) (1997),"['Action', 'Comedy', 'Sci-Fi']"
413,Contact (1997),"['Drama', 'Sci-Fi']"
414,G.I. Jane (1997),"['Action', 'Drama']"
415,Conan the Barbarian (1982),"['Action', 'Adventure', 'Fantasy']"
416,Cop Land (1997),"['Action', 'Crime', 'Drama', 'Thriller']"
417,Event Horizon (1997),"['Horror', 'Sci-Fi', 'Thriller']"
418,Spawn (1997),"['Action', 'Adventure', 'Sci-Fi', 'Thriller']"
419,Conspiracy Theory (1997),"['Drama', 'Mystery', 'Romance', 'Thriller']"
420,Air Force One (1997),"['Action', 'Thriller']"
421,"Hunt for Red October, The (1990)","['Action', 'Adventure', 'Thriller']"
422,L.A. Confidential (1997),"['Crime', 'Film-Noir', 'Mystery', 'Thriller']"
423,Kiss the Girls (1997),"['Crime', 'Drama', 'Mystery', 'Thriller']"
424,"Game, The (1997)","['Drama', 'Mystery', 'Thriller']"
425,"Ice Storm, The (1997)",['Drama']
426,Chasing Amy (1997),"['Comedy', 'Drama', 'Romance']"
427,"Full Monty, The (1997)","['Comedy', 'Drama']"
428,I Know What You Did Last Summer (1997),"['Horror', 'Mystery', 'Thriller']"
429,"Devil's Advocate, The (1997)","['Drama', 'Mystery', 'Thriller']"
430,Gattaca (1997),"['Drama', 'Sci-Fi', 'Thriller']"
431,Stripes (1981),"['Comedy', 'War']"
432,Boogie Nights (1997),['Drama']
433,Witness (1985),"['Drama', 'Romance', 'Thriller']"
434,Starship Troopers (1997),"['Action', 'Sci-Fi']"
435,"Joy Luck Club, The (1993)","['Drama', 'Romance']"
436,Sliding Doors (1998),"['Drama', 'Romance']"
437,"Truman Show, The (1998)","['Comedy', 'Drama', 'Sci-Fi']"
438,"Jackal, The (1997)","['Action', 'Thriller']"
439,Alien: Resurrection (1997),"['Action', 'Horror', 'Sci-Fi']"
440,Amistad (1997),"['Drama', 'Mystery']"
441,Good Will Hunting (1997),"['Drama', 'Romance']"
442,Scream 2 (1997),"['Comedy', 'Horror', 'Mystery', 'Thriller']"
443,Titanic (1997),"['Drama', 'Romance']"
444,Tomorrow Never Dies (1997),"['Action', 'Adventure', 'Thriller']"
445,Jackie Brown (1997),"['Crime', 'Drama', 'Thriller']"
446,"Big Lebowski, The (1998)","['Comedy', 'Crime']"
447,Wag the Dog (1997),['Comedy']
448,Dark City (1998),"['Adventure', 'Film-Noir', 'Sci-Fi', 'Thriller']"
449,"Wedding Singer, The (1998)","['Comedy', 'Romance']"
450,As Good as It Gets (1997),"['Comedy', 'Drama', 'Romance']"
451,U.S. Marshals (1998),"['Action', 'Crime', 'Thriller']"
452,"Man in the Iron Mask, The (1998)","['Action', 'Adventure', 'Drama']"
453,Wild Things (1998),"['Crime', 'Drama', 'Mystery', 'Thriller']"
454,Lost in Space (1998),"['Action', 'Adventure', 'Sci-Fi']"
455,Deep Impact (1998),"['Drama', 'Sci-Fi', 'Thriller']"
456,Godzilla (1998),"['Action', 'Sci-Fi', 'Thriller']"
457,Fear and Loathing in Las Vegas (1998),"['Adventure', 'Comedy', 'Drama']"
458,Mulan (1998),"['Adventure', 'Animation', 'Children', 'Comedy', 'Drama', 'Musical', 'Romance']"
459,"X-Files: Fight the Future, The (1998)","['Action', 'Crime', 'Mystery', 'Sci-Fi', 'Thriller']"
460,Dr. Dolittle (1998),['Comedy']
461,Out of Sight (1998),"['Comedy', 'Crime', 'Drama', 'Romance', 'Thriller']"
462,Armageddon (1998),"['Action', 'Romance', 'Sci-Fi', 'Thriller']"
463,Lethal Weapon 4 (1998),"['Action', 'Comedy', 'Crime', 'Thriller']"
464,Pi (1998),"['Drama', 'Sci-Fi', 'Thriller']"
465,There's Something About Mary (1998),"['Comedy', 'Romance']"
466,On the Waterfront (1954),"['Crime', 'Drama']"
467,West Side Story (1961),"['Drama', 'Musical', 'Romance']"
468,Midnight Cowboy (1969),['Drama']
469,"French Connection, The (1971)","['Action', 'Crime', 'Thriller']"
470,Rocky (1976),['Drama']
471,Kramer vs. Kramer (1979),['Drama']
472,Chariots of Fire (1981),['Drama']
473,Out of Africa (1985),"['Drama', 'Romance']"
474,"Last Emperor, The (1987)",['Drama']
475,Rain Man (1988),['Drama']
476,Driving Miss Daisy (1989),['Drama']
477,Labyrinth (1986),"['Adventure', 'Fantasy', 'Musical']"
478,"Breakfast Club, The (1985)","['Comedy', 'Drama']"
479,Halloween (1978),['Horror']
480,Poltergeist (1982),"['Horror', 'Thriller']"
481,"Exorcist, The (1973)","['Horror', 'Mystery']"
482,Lethal Weapon (1987),"['Action', 'Comedy', 'Crime', 'Drama']"
483,Lethal Weapon 2 (1989),"['Action', 'Comedy', 'Crime', 'Drama']"
484,Lethal Weapon 3 (1992),"['Action', 'Comedy', 'Crime', 'Drama']"
485,Gremlins (1984),"['Comedy', 'Horror']"
486,"Goonies, The (1985)","['Action', 'Adventure', 'Children', 'Comedy', 'Fantasy']"
487,"Mask of Zorro, The (1998)","['Action', 'Comedy', 'Romance']"
488,Metropolis (1927),"['Drama', 'Sci-Fi']"
489,Back to the Future Part II (1989),"['Adventure', 'Comedy', 'Sci-Fi']"
490,Back to the Future Part III (1990),"['Adventure', 'Comedy', 'Sci-Fi', 'Western']"
491,"Poseidon Adventure, The (1972)","['Action', 'Adventure', 'Drama']"
492,Bambi (1942),"['Animation', 'Children', 'Drama']"
493,Seven Samurai (Shichinin no samurai) (1954),"['Action', 'Adventure', 'Drama']"
494,Dangerous Liaisons (1988),"['Drama', 'Romance']"
495,Dune (1984),"['Adventure', 'Sci-Fi']"
496,"Godfather: Part III, The (1990)","['Crime', 'Drama', 'Mystery', 'Thriller']"
497,Saving Private Ryan (1998),"['Action', 'Drama', 'War']"
498,"Honey, I Shrunk the Kids (1989)","['Adventure', 'Children', 'Comedy', 'Fantasy', 'Sci-Fi']"
499,"Negotiator, The (1998)","['Action', 'Crime', 'Drama', 'Mystery', 'Thriller']"
500,Roger & Me (1989),['Documentary']
501,Doctor Zhivago (1965),"['Drama', 'Romance', 'War']"
502,Blue Velvet (1986),"['Drama', 'Mystery', 'Thriller']"
503,"Jungle Book, The (1967)","['Animation', 'Children', 'Comedy', 'Musical']"
504,Lady and the Tramp (1955),"['Animation', 'Children', 'Comedy', 'Romance']"
505,"Little Mermaid, The (1989)","['Animation', 'Children', 'Comedy', 'Musical', 'Romance']"
506,101 Dalmatians (One Hundred and One Dalmatians) (1961),"['Adventure', 'Animation', 'Children']"
507,Peter Pan (1953),"['Animation', 'Children', 'Fantasy', 'Musical']"
508,"Rocketeer, The (1991)","['Action', 'Adventure', 'Sci-Fi']"
509,Sleeping Beauty (1959),"['Animation', 'Children', 'Musical']"
510,Splash (1984),"['Comedy', 'Fantasy', 'Romance']"
511,Tron (1982),"['Action', 'Adventure', 'Sci-Fi']"
512,L.A. Story (1991),"['Comedy', 'Romance']"
513,"Jerk, The (1979)",['Comedy']
514,Indiana Jones and the Temple of Doom (1984),"['Action', 'Adventure', 'Fantasy']"
515,"Addams Family, The (1991)","['Children', 'Comedy', 'Fantasy']"
516,Ever After: A Cinderella Story (1998),"['Comedy', 'Drama', 'Romance']"
517,Snake Eyes (1998),"['Action', 'Crime', 'Mystery', 'Thriller']"
518,Adventures in Babysitting (1987),"['Adventure', 'Comedy']"
519,Weird Science (1985),"['Comedy', 'Fantasy', 'Sci-Fi']"
520,Charlotte's Web (1973),"['Animation', 'Children']"
521,"Dark Crystal, The (1982)","['Adventure', 'Fantasy']"
522,Sixteen Candles (1984),"['Comedy', 'Romance']"
523,Pretty in Pink (1986),"['Comedy', 'Drama', 'Romance']"
524,"Gods Must Be Crazy, The (1980)","['Adventure', 'Comedy']"
525,Rosemary's Baby (1968),"['Drama', 'Horror', 'Thriller']"
526,"NeverEnding Story, The (1984)","['Adventure', 'Children', 'Fantasy']"
527,Blade (1998),"['Action', 'Horror', 'Thriller']"
528,Beetlejuice (1988),"['Comedy', 'Fantasy']"
529,Strangers on a Train (1951),"['Crime', 'Drama', 'Film-Noir', 'Thriller']"
530,Willow (1988),"['Action', 'Adventure', 'Fantasy']"
531,"Untouchables, The (1987)","['Action', 'Crime', 'Drama']"
532,Rounders (1998),['Drama']
533,Cube (1997),"['Horror', 'Mystery', 'Sci-Fi', 'Thriller']"
534,Broadcast News (1987),"['Comedy', 'Drama', 'Romance']"
535,Say Anything... (1989),"['Comedy', 'Drama', 'Romance']"
536,"Few Good Men, A (1992)","['Crime', 'Drama', 'Thriller']"
537,Rush Hour (1998),"['Action', 'Comedy', 'Crime', 'Thriller']"
538,Ronin (1998),"['Action', 'Crime', 'Thriller']"
539,"Thing, The (1982)","['Action', 'Horror', 'Sci-Fi', 'Thriller']"
540,"Player, The (1992)","['Comedy', 'Crime', 'Drama']"
541,Edward Scissorhands (1990),"['Drama', 'Fantasy', 'Romance']"
542,Antz (1998),"['Adventure', 'Animation', 'Children', 'Comedy', 'Fantasy']"
543,"Producers, The (1968)",['Comedy']
544,My Cousin Vinny (1992),['Comedy']
545,"Elephant Man, The (1980)",['Drama']
546,Pleasantville (1998),"['Comedy', 'Drama', 'Fantasy']"
547,Life Is Beautiful (La Vita è bella) (1997),"['Comedy', 'Drama', 'Romance', 'War']"
548,American History X (1998),"['Crime', 'Drama']"
549,Elizabeth (1998),['Drama']
550,"Big Chill, The (1983)","['Comedy', 'Drama']"
551,Enemy of the State (1998),"['Action', 'Thriller']"
552,"Bug's Life, A (1998)","['Adventure', 'Animation', 'Children', 'Comedy']"
553,King Kong (1933),"['Action', 'Adventure', 'Fantasy', 'Horror']"
554,Fletch (1985),"['Comedy', 'Crime', 'Mystery']"
555,"Simple Plan, A (1998)","['Crime', 'Drama', 'Thriller']"
556,Star Trek: Insurrection (1998),"['Action', 'Drama', 'Romance', 'Sci-Fi']"
557,"Prince of Egypt, The (1998)","['Animation', 'Musical']"
558,Rushmore (1998),"['Comedy', 'Drama']"
559,Shakespeare in Love (1998),"['Comedy', 'Drama', 'Romance']"
560,Rambo: First Blood Part II (1985),"['Action', 'Adventure', 'Thriller']"
561,"Jewel of the Nile, The (1985)","['Action', 'Adventure', 'Comedy', 'Romance']"
562,Romancing the Stone (1984),"['Action', 'Adventure', 'Comedy', 'Romance']"
563,Cocoon (1985),"['Comedy', 'Sci-Fi']"
564,Rocky III (1982),"['Action', 'Drama']"
565,Rocky IV (1985),"['Action', 'Drama']"
566,Clue (1985),"['Comedy', 'Crime', 'Mystery', 'Thriller']"
567,"Karate Kid, The (1984)",['Drama']
568,"Karate Kid, Part II, The (1986)","['Action', 'Adventure', 'Drama']"
569,Christmas Vacation (National Lampoon's Christmas Vacation) (1989),['Comedy']
570,You've Got Mail (1998),"['Comedy', 'Romance']"
571,"Thin Red Line, The (1998)","['Action', 'Drama', 'War']"
572,"Faculty, The (1998)","['Horror', 'Sci-Fi']"
573,"Fly, The (1986)","['Drama', 'Horror', 'Sci-Fi', 'Thriller']"
574,"Name of the Rose, The (Name der Rose, Der) (1986)","['Crime', 'Drama', 'Mystery', 'Thriller']"
575,Crocodile Dundee (1986),"['Adventure', 'Comedy']"
576,¡Three Amigos! (1986),"['Comedy', 'Western']"
577,She's All That (1999),"['Comedy', 'Romance']"
578,Payback (1999),"['Action', 'Thriller']"
579,October Sky (1999),['Drama']
580,Office Space (1999),"['Comedy', 'Crime']"
581,Logan's Run (1976),"['Action', 'Adventure', 'Sci-Fi']"
582,Planet of the Apes (1968),"['Action', 'Drama', 'Sci-Fi']"
583,Analyze This (1999),['Comedy']
584,Cruel Intentions (1999),['Drama']
585,"Lock, Stock & Two Smoking Barrels (1998)","['Comedy', 'Crime', 'Thriller']"
586,"Matrix, The (1999)","['Action', 'Sci-Fi', 'Thriller']"
587,10 Things I Hate About You (1999),"['Comedy', 'Romance']"
588,Go (1999),"['Comedy', 'Crime']"
589,Never Been Kissed (1999),"['Comedy', 'Romance']"
590,Election (1999),['Comedy']
591,eXistenZ (1999),"['Action', 'Sci-Fi', 'Thriller']"
592,Entrapment (1999),"['Crime', 'Thriller']"
593,Dick Tracy (1990),"['Action', 'Crime']"
594,"Mummy, The (1999)","['Action', 'Adventure', 'Comedy', 'Fantasy', 'Horror', 'Thriller']"
595,Star Wars: Episode I - The Phantom Menace (1999),"['Action', 'Adventure', 'Sci-Fi']"
596,Superman (1978),"['Action', 'Adventure', 'Sci-Fi']"
597,Superman II (1980),"['Action', 'Sci-Fi']"
598,"Rocky Horror Picture Show, The (1975)","['Comedy', 'Horror', 'Musical', 'Sci-Fi']"
599,Notting Hill (1999),"['Comedy', 'Romance']"
600,Austin Powers: The Spy Who Shagged Me (1999),"['Action', 'Adventure', 'Comedy']"
601,"Red Violin, The (Violon rouge, Le) (1998)","['Drama', 'Mystery']"
602,Tarzan (1999),"['Adventure', 'Animation', 'Children', 'Drama']"
603,Run Lola Run (Lola rennt) (1998),"['Action', 'Crime']"
604,Big Daddy (1999),['Comedy']
605,Arachnophobia (1990),"['Comedy', 'Horror']"
606,"South Park: Bigger, Longer and Uncut (1999)","['Animation', 'Comedy', 'Musical']"
607,Wild Wild West (1999),"['Action', 'Comedy', 'Sci-Fi', 'Western']"
608,American Pie (1999),"['Comedy', 'Romance']"
609,Arlington Road (1999),['Thriller']
610,"Blair Witch Project, The (1999)","['Drama', 'Horror', 'Thriller']"
611,Eyes Wide Shut (1999),"['Drama', 'Mystery', 'Thriller']"
612,Ghostbusters (a.k.a. Ghost Busters) (1984),"['Action', 'Comedy', 'Sci-Fi']"
613,Ghostbusters II (1989),"['Comedy', 'Fantasy', 'Sci-Fi']"
614,Deep Blue Sea (1999),"['Action', 'Horror', 'Sci-Fi', 'Thriller']"
615,Mystery Men (1999),"['Action', 'Comedy', 'Fantasy']"
616,Runaway Bride (1999),"['Comedy', 'Romance']"
617,Spartacus (1960),"['Action', 'Drama', 'Romance', 'War']"
618,"Color Purple, The (1985)",['Drama']
619,Little Shop of Horrors (1986),"['Comedy', 'Horror', 'Musical']"
620,"Iron Giant, The (1999)","['Adventure', 'Animation', 'Children', 'Drama', 'Sci-Fi']"
621,"Sixth Sense, The (1999)","['Drama', 'Horror', 'Mystery']"
622,"Thomas Crown Affair, The (1999)","['Action', 'Mystery']"
623,Bowfinger (1999),['Comedy']
624,Monty Python's And Now for Something Completely Different (1971),['Comedy']
625,Airplane! (1980),['Comedy']
626,National Lampoon's Vacation (1983),['Comedy']
627,Big (1988),"['Comedy', 'Drama', 'Fantasy', 'Romance']"
628,"Christmas Story, A (1983)","['Children', 'Comedy']"
629,"13th Warrior, The (1999)","['Action', 'Adventure', 'Fantasy']"
630,Yellow Submarine (1968),"['Adventure', 'Animation', 'Comedy', 'Fantasy', 'Musical']"
631,American Beauty (1999),"['Drama', 'Romance']"
632,Deliverance (1972),"['Adventure', 'Drama', 'Thriller']"
633,Excalibur (1981),"['Adventure', 'Fantasy']"
634,Double Jeopardy (1999),"['Action', 'Crime', 'Drama', 'Thriller']"
635,Three Kings (1999),"['Action', 'Adventure', 'Comedy', 'Drama', 'War']"
636,Risky Business (1983),['Comedy']
637,Total Recall (1990),"['Action', 'Adventure', 'Sci-Fi', 'Thriller']"
638,Ferris Bueller's Day Off (1986),['Comedy']
639,"Dirty Dozen, The (1967)","['Action', 'Drama', 'War']"
640,Goldfinger (1964),"['Action', 'Adventure', 'Thriller']"
641,From Russia with Love (1963),"['Action', 'Adventure', 'Thriller']"
642,Dr. No (1962),"['Action', 'Adventure', 'Thriller']"
643,"Fistful of Dollars, A (Per un pugno di dollari) (1964)","['Action', 'Western']"
644,Home Alone 2: Lost in New York (1992),"['Children', 'Comedy']"
645,Fight Club (1999),"['Action', 'Crime', 'Drama', 'Thriller']"
646,Time Bandits (1981),"['Adventure', 'Comedy', 'Fantasy', 'Sci-Fi']"
647,RoboCop (1987),"['Action', 'Crime', 'Drama', 'Sci-Fi', 'Thriller']"
648,Who Framed Roger Rabbit? (1988),"['Adventure', 'Animation', 'Children', 'Comedy', 'Crime', 'Fantasy', 'Mystery']"
649,Live and Let Die (1973),"['Action', 'Adventure', 'Thriller']"
650,Being John Malkovich (1999),"['Comedy', 'Drama', 'Fantasy']"
651,Princess Mononoke (Mononoke-hime) (1997),"['Action', 'Adventure', 'Animation', 'Drama', 'Fantasy']"
652,"Bone Collector, The (1999)",['Thriller']
653,"Insider, The (1999)","['Drama', 'Thriller']"
654,Falling Down (1993),"['Action', 'Drama']"
655,Spaceballs (1987),"['Comedy', 'Sci-Fi']"
656,Trading Places (1983),['Comedy']
657,Dogma (1999),"['Adventure', 'Comedy', 'Fantasy']"
658,"Commitments, The (1991)","['Comedy', 'Drama', 'Musical']"
659,Moonstruck (1987),"['Comedy', 'Romance']"
660,Sleepy Hollow (1999),"['Fantasy', 'Horror', 'Mystery', 'Romance']"
661,"World Is Not Enough, The (1999)","['Action', 'Adventure', 'Thriller']"
662,"River Runs Through It, A (1992)",['Drama']
663,Fatal Attraction (1987),"['Drama', 'Thriller']"
664,Awakenings (1990),"['Drama', 'Mystery']"
665,Backdraft (1991),"['Action', 'Drama']"
666,"Fisher King, The (1991)","['Comedy', 'Drama', 'Fantasy', 'Romance']"
667,End of Days (1999),"['Action', 'Fantasy', 'Horror', 'Mystery', 'Thriller']"
668,Toy Story 2 (1999),"['Adventure', 'Animation', 'Children', 'Comedy', 'Fantasy']"
669,"Green Mile, The (1999)","['Crime', 'Drama']"
670,Magnolia (1999),['Drama']
671,Easy Rider (1969),"['Adventure', 'Drama']"
672,Man on the Moon (1999),"['Comedy', 'Drama']"
673,Galaxy Quest (1999),"['Adventure', 'Comedy', 'Sci-Fi']"
674,"Talented Mr. Ripley, The (1999)","['Drama', 'Mystery', 'Thriller']"
675,Fast Times at Ridgemont High (1982),"['Comedy', 'Drama', 'Romance']"
676,Sister Act (1992),"['Comedy', 'Crime']"
677,Scent of a Woman (1992),['Drama']
678,Wayne's World (1992),['Comedy']
679,Wayne's World 2 (1993),['Comedy']
680,"League of Their Own, A (1992)","['Comedy', 'Drama']"
681,Patriot Games (1992),"['Action', 'Crime', 'Drama', 'Thriller']"
682,"Bodyguard, The (1992)","['Drama', 'Romance', 'Thriller']"
683,Scream 3 (2000),"['Comedy', 'Horror', 'Mystery', 'Thriller']"
684,"Boondock Saints, The (2000)","['Action', 'Crime', 'Drama', 'Thriller']"
685,Pitch Black (2000),"['Horror', 'Sci-Fi', 'Thriller']"
686,"Whole Nine Yards, The (2000)","['Comedy', 'Crime']"
687,Mission to Mars (2000),['Sci-Fi']
688,Hoosiers (a.k.a. Best Shot) (1986),"['Drama', 'Romance']"
689,Bull Durham (1988),"['Comedy', 'Drama', 'Romance']"
690,Dog Day Afternoon (1975),"['Crime', 'Drama']"
691,American Graffiti (1973),"['Comedy', 'Drama']"
692,JFK (1991),"['Drama', 'Mystery', 'Thriller']"
693,"Muppet Movie, The (1979)","['Adventure', 'Children', 'Comedy', 'Musical']"
694,Erin Brockovich (2000),['Drama']
695,Thelma & Louise (1991),"['Adventure', 'Crime', 'Drama']"
696,Animal House (1978),['Comedy']
697,Do the Right Thing (1989),['Drama']
698,"Good Morning, Vietnam (1987)","['Comedy', 'Drama', 'War']"
699,Grumpy Old Men (1993),['Comedy']
700,Romeo Must Die (2000),"['Action', 'Crime', 'Romance', 'Thriller']"
701,Close Encounters of the Third Kind (1977),"['Adventure', 'Drama', 'Sci-Fi']"
702,High Fidelity (2000),"['Comedy', 'Drama', 'Romance']"
703,Hook (1991),"['Adventure', 'Comedy', 'Fantasy']"
704,Misery (1990),"['Drama', 'Horror', 'Thriller']"
705,Frequency (2000),"['Drama', 'Thriller']"
706,Parenthood (1989),"['Comedy', 'Drama']"
707,Predator (1987),"['Action', 'Sci-Fi', 'Thriller']"
708,American Psycho (2000),"['Crime', 'Horror', 'Mystery', 'Thriller']"
709,Caddyshack (1980),['Comedy']
710,U-571 (2000),"['Action', 'Thriller', 'War']"
711,Gladiator (2000),"['Action', 'Adventure', 'Drama']"
712,Pee-wee's Big Adventure (1985),"['Adventure', 'Comedy']"
713,Road Trip (2000),['Comedy']
714,Mission: Impossible II (2000),"['Action', 'Adventure', 'Thriller']"
715,Shanghai Noon (2000),"['Action', 'Adventure', 'Comedy', 'Western']"
716,Moonraker (1979),"['Action', 'Adventure', 'Sci-Fi', 'Thriller']"
717,"Man with the Golden Gun, The (1974)","['Action', 'Adventure', 'Thriller']"
718,Blazing Saddles (1974),"['Comedy', 'Western']"
719,Blood Simple (1984),"['Crime', 'Drama', 'Film-Noir']"
720,Mad Max (1979),"['Action', 'Adventure', 'Sci-Fi']"
721,"Road Warrior, The (Mad Max 2) (1981)","['Action', 'Adventure', 'Sci-Fi']"
722,Mad Max Beyond Thunderdome (1985),"['Action', 'Adventure', 'Sci-Fi']"
723,Gone in 60 Seconds (2000),"['Action', 'Crime']"
724,Serpico (1973),"['Crime', 'Drama']"
725,Big Trouble in Little China (1986),"['Action', 'Adventure', 'Comedy', 'Fantasy']"
726,Titan A.E. (2000),"['Action', 'Adventure', 'Animation', 'Children', 'Sci-Fi']"
727,Chicken Run (2000),"['Animation', 'Children', 'Comedy']"
728,"Me, Myself & Irene (2000)","['Adventure', 'Comedy']"
729,"Patriot, The (2000)","['Action', 'Drama', 'War']"
730,"Perfect Storm, The (2000)","['Drama', 'Thriller']"
731,Scary Movie (2000),"['Comedy', 'Horror']"
732,X-Men (2000),"['Action', 'Adventure', 'Sci-Fi']"
733,What About Bob? (1991),['Comedy']
734,Space Cowboys (2000),"['Action', 'Adventure', 'Comedy', 'Sci-Fi']"
735,"Cell, The (2000)","['Drama', 'Horror', 'Thriller']"
736,"Naked Gun: From the Files of Police Squad!, The (1988)","['Action', 'Comedy', 'Crime', 'Romance']"
737,Almost Famous (2000),['Drama']
738,Best in Show (2000),['Comedy']
739,Remember the Titans (2000),['Drama']
740,Meet the Parents (2000),['Comedy']
741,Requiem for a Dream (2000),['Drama']
742,Billy Elliot (2000),['Drama']
743,Charlie's Angels (2000),"['Action', 'Comedy']"
744,Diamonds Are Forever (1971),"['Action', 'Adventure', 'Thriller']"
745,How the Grinch Stole Christmas (a.k.a. The Grinch) (2000),"['Children', 'Comedy', 'Fantasy']"
746,Unbreakable (2000),"['Drama', 'Sci-Fi']"
747,"Crouching Tiger, Hidden Dragon (Wo hu cang long) (2000)","['Action', 'Drama', 'Romance']"
748,"Planes, Trains & Automobiles (1987)",['Comedy']
749,Wall Street (1987),['Drama']
750,Snatch (2000),"['Comedy', 'Crime', 'Thriller']"
751,Chocolat (2000),"['Drama', 'Romance']"
752,What Women Want (2000),"['Comedy', 'Romance']"
753,Finding Forrester (2000),['Drama']
754,Cast Away (2000),['Drama']
755,Miss Congeniality (2000),"['Comedy', 'Crime']"
756,"O Brother, Where Art Thou? (2000)","['Adventure', 'Comedy', 'Crime']"
757,Traffic (2000),"['Crime', 'Drama', 'Thriller']"
758,Beverly Hills Cop (1984),"['Action', 'Comedy', 'Crime', 'Drama']"
759,"Lost Boys, The (1987)","['Comedy', 'Horror', 'Thriller']"
760,Hannibal (2001),"['Horror', 'Thriller']"
761,Enemy at the Gates (2001),"['Drama', 'War']"
762,Memento (2000),"['Mystery', 'Thriller']"
763,Blow (2001),"['Crime', 'Drama']"
764,Bridget Jones's Diary (2001),"['Comedy', 'Drama', 'Romance']"
765,Scarface (1983),"['Action', 'Crime', 'Drama']"
766,"Mummy Returns, The (2001)","['Action', 'Adventure', 'Comedy', 'Thriller']"
767,"Knight's Tale, A (2001)","['Action', 'Comedy', 'Romance']"
768,Shrek (2001),"['Adventure', 'Animation', 'Children', 'Comedy', 'Fantasy', 'Romance']"
769,Moulin Rouge (2001),"['Drama', 'Musical', 'Romance']"
770,Pearl Harbor (2001),"['Action', 'Drama', 'Romance', 'War']"
771,City Slickers (1991),"['Comedy', 'Western']"
772,Evolution (2001),"['Comedy', 'Sci-Fi']"
773,Swordfish (2001),"['Action', 'Crime', 'Drama']"
774,Tootsie (1982),"['Comedy', 'Romance']"
775,Lara Croft: Tomb Raider (2001),"['Action', 'Adventure']"
776,"Fast and the Furious, The (2001)","['Action', 'Crime', 'Thriller']"
777,A.I. Artificial Intelligence (2001),"['Adventure', 'Drama', 'Sci-Fi']"
778,Final Fantasy: The Spirits Within (2001),"['Adventure', 'Animation', 'Fantasy', 'Sci-Fi']"
779,Legally Blonde (2001),"['Comedy', 'Romance']"
780,Coming to America (1988),"['Comedy', 'Romance']"
781,Bill & Ted's Excellent Adventure (1989),"['Adventure', 'Comedy', 'Sci-Fi']"
782,Jurassic Park III (2001),"['Action', 'Adventure', 'Sci-Fi', 'Thriller']"
783,Ghost World (2001),"['Comedy', 'Drama']"
784,Planet of the Apes (2001),"['Action', 'Adventure', 'Drama', 'Sci-Fi']"
785,Rush Hour 2 (2001),"['Action', 'Comedy']"
786,American Pie 2 (2001),['Comedy']
787,"Others, The (2001)","['Drama', 'Horror', 'Mystery', 'Thriller']"
788,Jay and Silent Bob Strike Back (2001),"['Adventure', 'Comedy']"
789,Training Day (2001),"['Crime', 'Drama', 'Thriller']"
790,Zoolander (2001),['Comedy']
791,Mulholland Drive (2001),"['Crime', 'Drama', 'Film-Noir', 'Mystery', 'Thriller']"
792,Dirty Harry (1971),"['Action', 'Crime', 'Thriller']"
793,K-PAX (2001),"['Drama', 'Fantasy', 'Mystery', 'Sci-Fi']"
794,Donnie Darko (2001),"['Drama', 'Mystery', 'Sci-Fi', 'Thriller']"
795,"Monsters, Inc. (2001)","['Adventure', 'Animation', 'Children', 'Comedy', 'Fantasy']"
796,Harry Potter and the Sorcerer's Stone (a.k.a. Harry Potter and the Philosopher's Stone) (2001),"['Adventure', 'Children', 'Fantasy']"
797,Spy Game (2001),"['Action', 'Crime', 'Drama', 'Thriller']"
798,Ocean's Eleven (2001),"['Crime', 'Thriller']"
799,"Amelie (Fabuleux destin d'Amélie Poulain, Le) (2001)","['Comedy', 'Romance']"
800,Vanilla Sky (2001),"['Mystery', 'Romance', 'Sci-Fi', 'Thriller']"
801,"Royal Tenenbaums, The (2001)","['Comedy', 'Drama']"
802,"Lord of the Rings: The Fellowship of the Ring, The (2001)","['Adventure', 'Fantasy']"
803,"Beautiful Mind, A (2001)","['Drama', 'Romance']"
804,Black Hawk Down (2001),"['Action', 'Drama', 'War']"
805,Gosford Park (2001),"['Comedy', 'Drama', 'Mystery']"
806,Monster's Ball (2001),"['Drama', 'Romance']"
807,M*A*S*H (a.k.a. MASH) (1970),"['Comedy', 'Drama', 'War']"
808,Ice Age (2002),"['Adventure', 'Animation', 'Children', 'Comedy']"
809,Blade II (2002),"['Action', 'Horror', 'Thriller']"
810,Panic Room (2002),['Thriller']
811,My Big Fat Greek Wedding (2002),"['Comedy', 'Romance']"
812,Spider-Man (2002),"['Action', 'Adventure', 'Sci-Fi', 'Thriller']"
813,About a Boy (2002),"['Comedy', 'Drama', 'Romance']"
814,Star Wars: Episode II - Attack of the Clones (2002),"['Action', 'Adventure', 'Sci-Fi', 'IMAX']"
815,Insomnia (2002),"['Action', 'Crime', 'Drama', 'Mystery', 'Thriller']"
816,"Bourne Identity, The (2002)","['Action', 'Mystery', 'Thriller']"
817,Minority Report (2002),"['Action', 'Crime', 'Mystery', 'Sci-Fi', 'Thriller']"
818,Men in Black II (a.k.a. MIIB) (a.k.a. MIB 2) (2002),"['Action', 'Comedy', 'Sci-Fi']"
819,Road to Perdition (2002),"['Crime', 'Drama']"
820,Austin Powers in Goldmember (2002),['Comedy']
821,Signs (2002),"['Horror', 'Sci-Fi', 'Thriller']"
822,Spirited Away (Sen to Chihiro no kamikakushi) (2001),"['Adventure', 'Animation', 'Fantasy']"
823,Bowling for Columbine (2002),['Documentary']
824,Punch-Drunk Love (2002),"['Comedy', 'Drama', 'Romance']"
825,"Ring, The (2002)","['Horror', 'Mystery', 'Thriller']"
826,8 Mile (2002),['Drama']
827,Harry Potter and the Chamber of Secrets (2002),"['Adventure', 'Fantasy']"
828,Die Another Day (2002),"['Action', 'Adventure', 'Thriller']"
829,Adaptation (2002),"['Comedy', 'Drama', 'Romance']"
830,Equilibrium (2002),"['Action', 'Sci-Fi', 'Thriller']"
831,About Schmidt (2002),"['Comedy', 'Drama']"
832,"Lord of the Rings: The Two Towers, The (2002)","['Adventure', 'Fantasy']"
833,Gangs of New York (2002),"['Crime', 'Drama']"
834,My Neighbor Totoro (Tonari no Totoro) (1988),"['Animation', 'Children', 'Drama', 'Fantasy']"
835,Catch Me If You Can (2002),"['Crime', 'Drama']"
836,Chicago (2002),"['Comedy', 'Crime', 'Drama', 'Musical']"
837,"Pianist, The (2002)","['Drama', 'War']"
838,City of God (Cidade de Deus) (2002),"['Action', 'Adventure', 'Crime', 'Drama', 'Thriller']"
839,Daredevil (2003),"['Action', 'Crime']"
840,Old School (2003),['Comedy']
841,Bend It Like Beckham (2002),"['Comedy', 'Drama', 'Romance']"
842,Phone Booth (2002),"['Drama', 'Thriller']"
843,Identity (2003),"['Crime', 'Horror', 'Mystery', 'Thriller']"
844,X2: X-Men United (2003),"['Action', 'Adventure', 'Sci-Fi', 'Thriller']"
845,"Matrix Reloaded, The (2003)","['Action', 'Adventure', 'Sci-Fi', 'Thriller', 'IMAX']"
846,Bruce Almighty (2003),"['Comedy', 'Drama', 'Fantasy', 'Romance']"
847,Finding Nemo (2003),"['Adventure', 'Animation', 'Children', 'Comedy']"
848,"Italian Job, The (2003)","['Action', 'Crime']"
849,28 Days Later (2002),"['Action', 'Horror', 'Sci-Fi']"
850,Hulk (2003),"['Action', 'Adventure', 'Sci-Fi']"
851,Terminator 3: Rise of the Machines (2003),"['Action', 'Adventure', 'Sci-Fi']"
852,Pirates of the Caribbean: The Curse of the Black Pearl (2003),"['Action', 'Adventure', 'Comedy', 'Fantasy']"
853,"League of Extraordinary Gentlemen, The (a.k.a. LXG) (2003)","['Action', 'Fantasy', 'Sci-Fi']"
854,Lost in Translation (2003),"['Comedy', 'Drama', 'Romance']"
855,Monty Python's The Meaning of Life (1983),['Comedy']
856,School of Rock (2003),"['Comedy', 'Musical']"
857,Mystic River (2003),"['Crime', 'Drama', 'Mystery']"
858,Kill Bill: Vol. 1 (2003),"['Action', 'Crime', 'Thriller']"
859,"Matrix Revolutions, The (2003)","['Action', 'Adventure', 'Sci-Fi', 'Thriller', 'IMAX']"
860,Love Actually (2003),"['Comedy', 'Drama', 'Romance']"
861,Master and Commander: The Far Side of the World (2003),"['Adventure', 'Drama', 'War']"
862,21 Grams (2003),"['Crime', 'Drama', 'Mystery', 'Romance', 'Thriller']"
863,Bad Santa (2003),"['Comedy', 'Crime']"
864,Battle Royale (Batoru rowaiaru) (2000),"['Action', 'Drama', 'Horror', 'Thriller']"
865,Hero (Ying xiong) (2002),"['Action', 'Adventure', 'Drama']"
866,"Last Samurai, The (2003)","['Action', 'Adventure', 'Drama', 'War']"
867,Big Fish (2003),"['Drama', 'Fantasy', 'Romance']"
868,"Lord of the Rings: The Return of the King, The (2003)","['Action', 'Adventure', 'Drama', 'Fantasy']"
869,The Butterfly Effect (2004),"['Drama', 'Sci-Fi', 'Thriller']"
870,50 First Dates (2004),"['Comedy', 'Romance']"
871,Eternal Sunshine of the Spotless Mind (2004),"['Drama', 'Romance', 'Sci-Fi']"
872,Hellboy (2004),"['Action', 'Adventure', 'Fantasy', 'Horror']"
873,Kill Bill: Vol. 2 (2004),"['Action', 'Drama', 'Thriller']"
874,Man on Fire (2004),"['Action', 'Crime', 'Drama', 'Mystery', 'Thriller']"
875,Troy (2004),"['Action', 'Adventure', 'Drama', 'War']"
876,Band of Brothers (2001),"['Action', 'Drama', 'War']"
877,Shrek 2 (2004),"['Adventure', 'Animation', 'Children', 'Comedy', 'Musical', 'Romance']"
878,"Day After Tomorrow, The (2004)","['Action', 'Adventure', 'Drama', 'Sci-Fi', 'Thriller']"
879,Harry Potter and the Prisoner of Azkaban (2004),"['Adventure', 'Fantasy', 'IMAX']"
880,"Chronicles of Riddick, The (2004)","['Action', 'Sci-Fi', 'Thriller']"
881,Napoleon Dynamite (2004),['Comedy']
882,Super Size Me (2004),"['Comedy', 'Documentary', 'Drama']"
883,Dodgeball: A True Underdog Story (2004),['Comedy']
884,Fahrenheit 9/11 (2004),['Documentary']
885,Spider-Man 2 (2004),"['Action', 'Adventure', 'Sci-Fi', 'IMAX']"
886,Anchorman: The Legend of Ron Burgundy (2004),['Comedy']
887,"I, Robot (2004)","['Action', 'Adventure', 'Sci-Fi', 'Thriller']"
888,"Bourne Supremacy, The (2004)","['Action', 'Crime', 'Thriller']"
889,Garden State (2004),"['Comedy', 'Drama', 'Romance']"
890,Collateral (2004),"['Action', 'Crime', 'Drama', 'Thriller']"
891,Shaun of the Dead (2004),"['Comedy', 'Horror']"
892,Sideways (2004),"['Comedy', 'Drama', 'Romance']"
893,"Incredibles, The (2004)","['Action', 'Adventure', 'Animation', 'Children', 'Comedy']"
894,Ocean's Twelve (2004),"['Action', 'Comedy', 'Crime', 'Thriller']"
895,Old Boy (2003),"['Mystery', 'Thriller']"
896,Million Dollar Baby (2004),['Drama']
897,Hotel Rwanda (2004),"['Drama', 'War']"
898,Charlie and the Chocolate Factory (2005),"['Adventure', 'Children', 'Comedy', 'Fantasy', 'IMAX']"
899,"Life Aquatic with Steve Zissou, The (2004)","['Adventure', 'Comedy', 'Fantasy']"
900,Howl's Moving Castle (Hauru no ugoku shiro) (2004),"['Adventure', 'Animation', 'Fantasy', 'Romance']"
901,Sin City (2005),"['Action', 'Crime', 'Film-Noir', 'Mystery', 'Thriller']"
902,"Hitchhiker's Guide to the Galaxy, The (2005)","['Adventure', 'Comedy', 'Sci-Fi']"
903,Crash (2004),"['Crime', 'Drama']"
904,Star Wars: Episode III - Revenge of the Sith (2005),"['Action', 'Adventure', 'Sci-Fi']"
905,Mr. & Mrs. Smith (2005),"['Action', 'Adventure', 'Comedy', 'Romance']"
906,Batman Begins (2005),"['Action', 'Crime', 'IMAX']"
907,War of the Worlds (2005),"['Action', 'Adventure', 'Sci-Fi', 'Thriller']"
908,Wedding Crashers (2005),"['Comedy', 'Romance']"
909,Serenity (2005),"['Action', 'Adventure', 'Sci-Fi']"
910,"40-Year-Old Virgin, The (2005)","['Comedy', 'Romance']"
911,Lord of War (2005),"['Action', 'Crime', 'Drama', 'Thriller', 'War']"
912,Kiss Kiss Bang Bang (2005),"['Comedy', 'Crime', 'Mystery', 'Thriller']"
913,Harry Potter and the Goblet of Fire (2005),"['Adventure', 'Fantasy', 'Thriller', 'IMAX']"
914,Walk the Line (2005),"['Drama', 'Musical', 'Romance']"
915,"Chronicles of Narnia: The Lion, the Witch and the Wardrobe, The (2005)","['Adventure', 'Children', 'Fantasy']"
916,King Kong (2005),"['Action', 'Adventure', 'Drama', 'Fantasy', 'Thriller']"
917,V for Vendetta (2006),"['Action', 'Sci-Fi', 'Thriller', 'IMAX']"
918,Thank You for Smoking (2006),"['Comedy', 'Drama']"
919,Inside Man (2006),"['Crime', 'Drama', 'Thriller']"
920,"Lives of Others, The (Das leben der Anderen) (2006)","['Drama', 'Romance', 'Thriller']"
921,Lucky Number Slevin (2006),"['Crime', 'Drama', 'Mystery']"
922,"Da Vinci Code, The (2006)","['Drama', 'Mystery', 'Thriller']"
923,X-Men: The Last Stand (2006),"['Action', 'Sci-Fi', 'Thriller']"
924,Pirates of the Caribbean: Dead Man's Chest (2006),"['Action', 'Adventure', 'Fantasy']"
925,Little Miss Sunshine (2006),"['Adventure', 'Comedy', 'Drama']"
926,Stranger than Fiction (2006),"['Comedy', 'Drama', 'Fantasy', 'Romance']"
927,"Illusionist, The (2006)","['Drama', 'Fantasy', 'Mystery', 'Romance']"
928,Borat: Cultural Learnings of America for Make Benefit Glorious Nation of Kazakhstan (2006),['Comedy']
929,"Pan's Labyrinth (Laberinto del fauno, El) (2006)","['Drama', 'Fantasy', 'Thriller']"
930,"Departed, The (2006)","['Crime', 'Drama', 'Thriller']"
931,Children of Men (2006),"['Action', 'Adventure', 'Drama', 'Sci-Fi', 'Thriller']"
932,"Prestige, The (2006)","['Drama', 'Mystery', 'Sci-Fi', 'Thriller']"
933,Casino Royale (2006),"['Action', 'Adventure', 'Thriller']"
934,Blood Diamond (2006),"['Action', 'Adventure', 'Crime', 'Drama', 'Thriller', 'War']"
935,Ratatouille (2007),"['Animation', 'Children', 'Drama']"
936,Hot Fuzz (2007),"['Action', 'Comedy', 'Crime', 'Mystery']"
937,Zodiac (2007),"['Crime', 'Drama', 'Thriller']"
938,300 (2007),"['Action', 'Fantasy', 'War', 'IMAX']"
939,Knocked Up (2007),"['Comedy', 'Drama', 'Romance']"
940,Pirates of the Caribbean: At World's End (2007),"['Action', 'Adventure', 'Comedy', 'Fantasy']"
941,Live Free or Die Hard (2007),"['Action', 'Adventure', 'Crime', 'Thriller']"
942,Transformers (2007),"['Action', 'Sci-Fi', 'Thriller', 'IMAX']"
943,Harry Potter and the Order of the Phoenix (2007),"['Adventure', 'Drama', 'Fantasy', 'IMAX']"
944,Stardust (2007),"['Adventure', 'Comedy', 'Fantasy', 'Romance']"
945,"Simpsons Movie, The (2007)","['Animation', 'Comedy']"
946,"Bourne Ultimatum, The (2007)","['Action', 'Crime', 'Thriller']"
947,Superbad (2007),['Comedy']
948,3:10 to Yuma (2007),"['Action', 'Crime', 'Drama', 'Western']"
949,Into the Wild (2007),"['Action', 'Adventure', 'Drama']"
950,Michael Clayton (2007),"['Drama', 'Thriller']"
951,American Gangster (2007),"['Crime', 'Drama', 'Thriller']"
952,No Country for Old Men (2007),"['Crime', 'Drama']"
953,I Am Legend (2007),"['Action', 'Horror', 'Sci-Fi', 'Thriller', 'IMAX']"
954,Juno (2007),"['Comedy', 'Drama', 'Romance']"
955,There Will Be Blood (2007),"['Drama', 'Western']"
956,In Bruges (2008),"['Comedy', 'Crime', 'Drama', 'Thriller']"
957,"Dark Knight, The (2008)","['Action', 'Crime', 'Drama', 'IMAX']"
958,Iron Man (2008),"['Action', 'Adventure', 'Sci-Fi']"
959,Taken (2008),"['Action', 'Crime', 'Drama', 'Thriller']"
960,Kung Fu Panda (2008),"['Action', 'Animation', 'Children', 'Comedy', 'IMAX']"
961,WALL·E (2008),"['Adventure', 'Animation', 'Children', 'Romance', 'Sci-Fi']"
962,Watchmen (2009),"['Action', 'Drama', 'Mystery', 'Sci-Fi', 'Thriller', 'IMAX']"
963,Slumdog Millionaire (2008),"['Crime', 'Drama', 'Romance']"
964,Gran Torino (2008),"['Crime', 'Drama']"
965,"Curious Case of Benjamin Button, The (2008)","['Drama', 'Fantasy', 'Mystery', 'Romance']"
966,Inglourious Basterds (2009),"['Action', 'Drama', 'War']"
967,Moon (2009),"['Drama', 'Mystery', 'Sci-Fi', 'Thriller']"
968,X-Men Origins: Wolverine (2009),"['Action', 'Sci-Fi', 'Thriller']"
969,Star Trek (2009),"['Action', 'Adventure', 'Sci-Fi', 'IMAX']"
970,Up (2009),"['Adventure', 'Animation', 'Children', 'Drama']"
971,"Hangover, The (2009)","['Comedy', 'Crime']"
972,"Hurt Locker, The (2008)","['Action', 'Drama', 'Thriller', 'War']"
973,(500) Days of Summer (2009),"['Comedy', 'Drama', 'Romance']"
974,Harry Potter and the Half-Blood Prince (2009),"['Adventure', 'Fantasy', 'Mystery', 'Romance', 'IMAX']"
975,District 9 (2009),"['Mystery', 'Sci-Fi', 'Thriller']"
976,Zombieland (2009),"['Action', 'Comedy', 'Horror']"
977,Avatar (2009),"['Action', 'Adventure', 'Sci-Fi', 'IMAX']"
978,Sherlock Holmes (2009),"['Action', 'Crime', 'Mystery', 'Thriller']"
979,Shutter Island (2010),"['Drama', 'Mystery', 'Thriller']"
980,How to Train Your Dragon (2010),"['Adventure', 'Animation', 'Children', 'Fantasy', 'IMAX']"
981,Kick-Ass (2010),"['Action', 'Comedy']"
982,Iron Man 2 (2010),"['Action', 'Adventure', 'Sci-Fi', 'Thriller', 'IMAX']"
983,Toy Story 3 (2010),"['Adventure', 'Animation', 'Children', 'Comedy', 'Fantasy', 'IMAX']"
984,Inception (2010),"['Action', 'Crime', 'Drama', 'Mystery', 'Sci-Fi', 'Thriller', 'IMAX']"
985,"Social Network, The (2010)",['Drama']
986,Black Swan (2010),"['Drama', 'Thriller']"
987,Harry Potter and the Deathly Hallows: Part 1 (2010),"['Action', 'Adventure', 'Fantasy', 'IMAX']"
988,"King's Speech, The (2010)",['Drama']
989,Source Code (2011),"['Action', 'Drama', 'Mystery', 'Sci-Fi', 'Thriller']"
990,X-Men: First Class (2011),"['Action', 'Adventure', 'Sci-Fi', 'Thriller', 'War']"
991,Harry Potter and the Deathly Hallows: Part 2 (2011),"['Action', 'Adventure', 'Drama', 'Fantasy', 'Mystery', 'IMAX']"
992,"Avengers, The (2012)","['Action', 'Adventure', 'Sci-Fi', 'IMAX']"
993,"Dark Knight Rises, The (2012)","['Action', 'Adventure', 'Crime', 'IMAX']"
994,Looper (2012),"['Action', 'Crime', 'Sci-Fi']"
995,Django Unchained (2012),"['Action', 'Drama', 'Western']"
996,"Grand Budapest Hotel, The (2014)","['Comedy', 'Drama']"
997,Interstellar (2014),"['Sci-Fi', 'IMAX']"
998,Edge of Tomorrow (2014),"['Action', 'Sci-Fi', 'IMAX']"
999,Guardians of the Galaxy (2014),"['Action', 'Adventure', 'Sci-Fi']"
1000,The Imitation Game (2014),"['Drama', 'Thriller', 'War']"
